name,email,phoneNumber
Aurore,Aurore.organization@gmail.com,371240864
Alleen,Alleen.organization@gmail.com,859825914
Etta,Etta.organization@gmail.com,666854760
Gwyneth,Gwyneth.organization@gmail.com,339147515
Steffane,Steffane.organization@gmail.com,948666723
Corina,Corina.organization@gmail.com,386347849
Michaelina,Michaelina.organization@gmail.com,523327865
Alia,Alia.organization@gmail.com,301064825
Consuela,Consuela.organization@gmail.com,934317064
Ardenia,Ardenia.organization@gmail.com,334776956
Evaleen,Evaleen.organization@gmail.com,241148375
Violet,Violet.organization@gmail.com,364559482
Margalo,Margalo.organization@gmail.com,450082007
Lucy,Lucy.organization@gmail.com,951698200
Shandie,Shandie.organization@gmail.com,851332540
Nataline,Nataline.organization@gmail.com,663352228
Viviene,Viviene.organization@gmail.com,792661977
Mildrid,Mildrid.organization@gmail.com,210717830
Nessie,Nessie.organization@gmail.com,63001024
Ronna,Ronna.organization@gmail.com,506128582
Clementine,Clementine.organization@gmail.com,480114674
Tomasina,Tomasina.organization@gmail.com,288936705
Consuela,Consuela.organization@gmail.com,112493089
Aaren,Aaren.organization@gmail.com,248891012
Lilith,Lilith.organization@gmail.com,544071815
Devina,Devina.organization@gmail.com,318274810
Codie,Codie.organization@gmail.com,559314717
Kaia,Kaia.organization@gmail.com,516968435
Cassandra,Cassandra.organization@gmail.com,14448825
Reeba,Reeba.organization@gmail.com,259449549
Loree,Loree.organization@gmail.com,496343688
Fina,Fina.organization@gmail.com,262973950
Gusella,Gusella.organization@gmail.com,532407000
Catrina,Catrina.organization@gmail.com,598907022
Jacenta,Jacenta.organization@gmail.com,731258431
Deirdre,Deirdre.organization@gmail.com,683542
Robinia,Robinia.organization@gmail.com,286545111
Allis,Allis.organization@gmail.com,801458066
Ira,Ira.organization@gmail.com,899886414
Candy,Candy.organization@gmail.com,73057273
Perry,Perry.organization@gmail.com,409978353
Meghann,Meghann.organization@gmail.com,54842213
